-- phpMyAdmin SQL Dump
-- version 4.6.5.2
-- https://www.phpmyadmin.net/
--
-- Host: 127.0.0.1
-- Generation Time: Jun 04, 2018 at 03:37 AM
-- Server version: 10.1.21-MariaDB
-- PHP Version: 5.6.30

SET SQL_MODE = "NO_AUTO_VALUE_ON_ZERO";
SET time_zone = "+00:00";


/*!40101 SET @OLD_CHARACTER_SET_CLIENT=@@CHARACTER_SET_CLIENT */;
/*!40101 SET @OLD_CHARACTER_SET_RESULTS=@@CHARACTER_SET_RESULTS */;
/*!40101 SET @OLD_COLLATION_CONNECTION=@@COLLATION_CONNECTION */;
/*!40101 SET NAMES utf8mb4 */;

--
-- Database: `webproduct`
--

-- --------------------------------------------------------

--
-- Table structure for table `admin`
--

CREATE TABLE `admin` (
  `id` int(11) NOT NULL,
  `username` varchar(32) CHARACTER SET utf8 COLLATE utf8_unicode_ci NOT NULL DEFAULT '',
  `password` varchar(32) CHARACTER SET utf8 COLLATE utf8_unicode_ci NOT NULL DEFAULT '',
  `name` varchar(128) CHARACTER SET utf8 COLLATE utf8_unicode_ci NOT NULL,
  `admin_group_id` int(64) NOT NULL
) ENGINE=MyISAM DEFAULT CHARSET=utf8 COLLATE=utf8_bin;

--
-- Dumping data for table `admin`
--

INSERT INTO `admin` (`id`, `username`, `password`, `name`, `admin_group_id`) VALUES
(1, 'admin', '96e79218965eb72c92a549dd5a330112', 'Nguyễn Văn HUy', 1),
(7, 'admincp', '96e79218965eb72c92a549dd5a330112', 'Mod', 2),
(9, 'kenshiner', 'nguyenhuy', 'HuyNV', 1),
(14, 'loveyou', '96e79218965eb72c92a549dd5a330112', 'Uyên Ương Hồ Điệp', 0),
(13, 'huongngo', 'e10adc3949ba59abbe56e057f20f883e', 'Trần Thị Thu Hương', 0);

-- --------------------------------------------------------

--
-- Table structure for table `admin_group`
--

CREATE TABLE `admin_group` (
  `id` int(11) NOT NULL,
  `name` varchar(128) COLLATE utf8_bin NOT NULL,
  `sort_order` tinyint(4) NOT NULL DEFAULT '0',
  `permissions` text COLLATE utf8_bin NOT NULL
) ENGINE=MyISAM DEFAULT CHARSET=utf8 COLLATE=utf8_bin;

--
-- Dumping data for table `admin_group`
--

INSERT INTO `admin_group` (`id`, `name`, `sort_order`, `permissions`) VALUES
(1, 'Admin', 1, 'a:14:{s:4:\"tran\";a:2:{i:0;s:4:\"list\";i:1;s:6:\"change\";}s:13:\"product_order\";a:2:{i:0;s:4:\"list\";i:1;s:6:\"change\";}s:3:\"cat\";a:2:{i:0;s:4:\"list\";i:1;s:6:\"change\";}s:7:\"product\";a:2:{i:0;s:4:\"list\";i:1;s:6:\"change\";}s:11:\"admin_group\";a:2:{i:0;s:4:\"list\";i:1;s:6:\"change\";}s:5:\"admin\";a:2:{i:0;s:4:\"list\";i:1;s:6:\"change\";}s:4:\"user\";a:2:{i:0;s:4:\"list\";i:1;s:6:\"change\";}s:4:\"news\";a:2:{i:0;s:4:\"list\";i:1;s:6:\"change\";}s:4:\"info\";a:2:{i:0;s:4:\"list\";i:1;s:6:\"change\";}s:7:\"support\";a:2:{i:0;s:4:\"list\";i:1;s:6:\"change\";}s:7:\"contact\";a:2:{i:0;s:4:\"list\";i:1;s:6:\"change\";}s:7:\"comment\";a:2:{i:0;s:4:\"list\";i:1;s:6:\"change\";}s:5:\"slide\";a:2:{i:0;s:4:\"list\";i:1;s:6:\"change\";}s:5:\"video\";a:2:{i:0;s:4:\"list\";i:1;s:6:\"change\";}}'),
(2, 'Mod', 2, 'a:9:{s:3:\"cat\";a:2:{i:0;s:4:\"list\";i:1;s:6:\"change\";}s:7:\"product\";a:2:{i:0;s:4:\"list\";i:1;s:6:\"change\";}s:4:\"news\";a:2:{i:0;s:4:\"list\";i:1;s:6:\"change\";}s:4:\"info\";a:2:{i:0;s:4:\"list\";i:1;s:6:\"change\";}s:7:\"support\";a:2:{i:0;s:4:\"list\";i:1;s:6:\"change\";}s:7:\"contact\";a:2:{i:0;s:4:\"list\";i:1;s:6:\"change\";}s:7:\"comment\";a:2:{i:0;s:4:\"list\";i:1;s:6:\"change\";}s:5:\"slide\";a:2:{i:0;s:4:\"list\";i:1;s:6:\"change\";}s:5:\"video\";a:2:{i:0;s:4:\"list\";i:1;s:6:\"change\";}}');

-- --------------------------------------------------------

--
-- Table structure for table `catalog`
--

CREATE TABLE `catalog` (
  `id` int(11) NOT NULL,
  `name` varchar(128) CHARACTER SET utf8 COLLATE utf8_unicode_ci NOT NULL,
  `site_title` varchar(128) CHARACTER SET utf8 COLLATE utf8_unicode_ci NOT NULL,
  `meta_desc` varchar(255) CHARACTER SET utf8 COLLATE utf8_unicode_ci NOT NULL,
  `meta_key` varchar(255) CHARACTER SET utf8 COLLATE utf8_unicode_ci NOT NULL,
  `parent_id` int(11) NOT NULL DEFAULT '0',
  `sort_order` tinyint(4) NOT NULL DEFAULT '0'
) ENGINE=MyISAM DEFAULT CHARSET=utf8 COLLATE=utf8_bin;

--
-- Dumping data for table `catalog`
--

INSERT INTO `catalog` (`id`, `name`, `site_title`, `meta_desc`, `meta_key`, `parent_id`, `sort_order`) VALUES
(1, 'Laptop', '', '', '', 0, 0),
(2, 'Điện thoại', '', '', '', 0, 1),
(3, 'Tivi', '', '', '', 0, 2),
(4, ' Acer', '', '', '', 1, 0),
(5, ' Apple', '', '', '', 1, 1),
(6, 'Asus', '', '', '', 1, 2),
(7, 'Dell', '', '', '', 1, 3),
(8, 'HP', '', '', '', 1, 5),
(9, 'Apple', '', '', '', 2, 0),
(10, 'Asus', '', '', '', 2, 1),
(11, 'BlackBerry', '', '', '', 2, 3),
(14, 'JVC', '', '', '', 3, 1),
(15, 'LG', '', '', '', 3, 2),
(16, 'Panasonic', '', '', '', 3, 3),
(17, 'Samsung', '', '', '', 3, 5),
(18, 'Toshiba', '', '', '', 3, 6),
(25, 'Điều hòa', '', '', '', 0, 2);

-- --------------------------------------------------------

--
-- Table structure for table `comment`
--

CREATE TABLE `comment` (
  `id` int(255) NOT NULL,
  `product_id` int(255) NOT NULL,
  `parent_id` int(255) NOT NULL,
  `user_name` text COLLATE utf8_unicode_ci NOT NULL,
  `user_email` varchar(100) COLLATE utf8_unicode_ci NOT NULL,
  `user_id` int(11) NOT NULL,
  `user_ip` varchar(20) COLLATE utf8_unicode_ci NOT NULL,
  `content` text COLLATE utf8_unicode_ci NOT NULL,
  `created` int(11) NOT NULL,
  `count_like` int(255) NOT NULL,
  `status` tinyint(2) NOT NULL DEFAULT '0'
) ENGINE=MyISAM DEFAULT CHARSET=utf8 COLLATE=utf8_unicode_ci;

--
-- Dumping data for table `comment`
--

INSERT INTO `comment` (`id`, `product_id`, `parent_id`, `user_name`, `user_email`, `user_id`, `user_ip`, `content`, `created`, `count_like`, `status`) VALUES
(1, 7, 0, 'Hoang van tuyen', 'hoangvantuyencnt@gmail.com', 0, '', 'San pham noi con khong admin?                    ', 1408798677, 10, 1),
(2, 7, 1, 'Vu van Anh', 'anh@gmail.com', 0, '', 'San pham nay van con hang', 1408799662, 3, 1),
(3, 7, 0, 'abc', 'hoang@gmail.com', 0, '', 'Test comment             ', 1408800324, 8, 1);

-- --------------------------------------------------------

--
-- Table structure for table `contact`
--

CREATE TABLE `contact` (
  `id` int(128) NOT NULL,
  `name` varchar(100) COLLATE utf8_unicode_ci NOT NULL,
  `email` varchar(50) COLLATE utf8_unicode_ci NOT NULL,
  `address` varchar(255) COLLATE utf8_unicode_ci NOT NULL,
  `title` varchar(255) COLLATE utf8_unicode_ci NOT NULL,
  `content` text COLLATE utf8_unicode_ci NOT NULL,
  `phone` varchar(20) COLLATE utf8_unicode_ci NOT NULL,
  `created` int(11) DEFAULT NULL
) ENGINE=MyISAM DEFAULT CHARSET=utf8 COLLATE=utf8_unicode_ci;

-- --------------------------------------------------------

--
-- Table structure for table `content_static`
--

CREATE TABLE `content_static` (
  `id` int(11) NOT NULL,
  `key` varchar(128) COLLATE utf8_bin NOT NULL DEFAULT '',
  `content` mediumtext COLLATE utf8_bin NOT NULL
) ENGINE=MyISAM DEFAULT CHARSET=utf8 COLLATE=utf8_bin;

--
-- Dumping data for table `content_static`
--

INSERT INTO `content_static` (`id`, `key`, `content`) VALUES
(3, 'footer', '<p class=\"bold\">\r\n &copy;2013 -2014 Bản quyền thuộc về&nbsp; <strong>C&ocirc;ng ty TNHH Tuấn Thoa media &ndash; Đại l&yacute; VTC Digital</strong></p>\r\n<p>\r\n Lĩnh vực hoạt động của c&ocirc;ng ty: Điện &amp; điện tử , b&aacute;n lẻ &amp; b&aacute;n bu&ocirc;n</p>\r\n<p>\r\n <strong>Cơ sở 1:</strong>: Cẩm La, X&atilde; Thanh Sơn, Huyện Kiến Thụy, Th&agrave;nh Phố Hải Ph&ograve;ng - DT: 0313881505</p>\r\n<p>\r\n <strong>Cơ sở 2:</strong>: Cẩm Xu&acirc;n, N&uacute;i Đối, Huyện Kiến Thụy, Th&agrave;nh Phố Hải Ph&ograve;ng - DT: 0313812682</p>\r\n'),
(18, 'shipping', '<p>\r\n Chi ph&iacute; vận chuyển của Tuấn Thoa Media</p>\r\n');

-- --------------------------------------------------------

--
-- Table structure for table `info`
--

CREATE TABLE `info` (
  `id` int(11) NOT NULL,
  `title` varchar(255) CHARACTER SET utf8 NOT NULL,
  `content` text CHARACTER SET utf8 COLLATE utf8_unicode_ci NOT NULL,
  `meta_desc` varchar(255) CHARACTER SET utf8 COLLATE utf8_unicode_ci NOT NULL,
  `meta_key` varchar(255) CHARACTER SET utf8 COLLATE utf8_unicode_ci NOT NULL,
  `created` int(11) NOT NULL DEFAULT '0'
) ENGINE=MyISAM DEFAULT CHARSET=utf8 COLLATE=utf8_bin;

--
-- Dumping data for table `info`
--

INSERT INTO `info` (`id`, `title`, `content`, `meta_desc`, `meta_key`, `created`) VALUES
(1, 'Giới thiệu', '<p>\r\n	Giới thiệu</p>\r\n', '', '', 1409044792),
(2, 'Hướng dẫn mua hàng', '<p>\r\n	Hướng dẫn mua h&agrave;ng</p>\r\n', '', '', 1409044950);

-- --------------------------------------------------------

--
-- Table structure for table `maker`
--

CREATE TABLE `maker` (
  `id` int(11) NOT NULL,
  `name` varchar(255) CHARACTER SET utf8 COLLATE utf8_unicode_ci NOT NULL,
  `info` text CHARACTER SET utf8 COLLATE utf8_unicode_ci NOT NULL,
  `meta_desc` varchar(255) CHARACTER SET utf8 COLLATE utf8_unicode_ci NOT NULL,
  `meta_key` varchar(255) CHARACTER SET utf8 COLLATE utf8_unicode_ci NOT NULL,
  `site_title` varchar(255) CHARACTER SET utf8 COLLATE utf8_unicode_ci NOT NULL,
  `sort_order` tinyint(4) NOT NULL DEFAULT '0'
) ENGINE=MyISAM DEFAULT CHARSET=utf8 COLLATE=utf8_bin;

-- --------------------------------------------------------

--
-- Table structure for table `menu`
--

CREATE TABLE `menu` (
  `id` int(11) NOT NULL,
  `parent_id` int(255) NOT NULL,
  `title` varchar(128) CHARACTER SET utf8 COLLATE utf8_unicode_ci NOT NULL,
  `url` varchar(255) COLLATE utf8_bin NOT NULL,
  `sort_order` int(11) NOT NULL DEFAULT '0'
) ENGINE=MyISAM DEFAULT CHARSET=utf8 COLLATE=utf8_bin;

-- --------------------------------------------------------

--
-- Table structure for table `news`
--

CREATE TABLE `news` (
  `id` int(11) NOT NULL,
  `title` varchar(255) CHARACTER SET utf8 COLLATE utf8_unicode_ci NOT NULL,
  `intro` varchar(255) CHARACTER SET utf8 COLLATE utf8_unicode_ci NOT NULL,
  `content` text CHARACTER SET utf8 COLLATE utf8_unicode_ci NOT NULL,
  `meta_desc` varchar(255) CHARACTER SET utf8 COLLATE utf8_unicode_ci NOT NULL,
  `meta_key` varchar(255) CHARACTER SET utf8 COLLATE utf8_unicode_ci NOT NULL,
  `image_link` varchar(50) COLLATE utf8_bin NOT NULL,
  `created` int(11) NOT NULL DEFAULT '0',
  `feature` enum('0','1') COLLATE utf8_bin NOT NULL,
  `count_view` int(11) NOT NULL DEFAULT '0'
) ENGINE=MyISAM DEFAULT CHARSET=utf8 COLLATE=utf8_bin;

--
-- Dumping data for table `news`
--

INSERT INTO `news` (`id`, `title`, `intro`, `content`, `meta_desc`, `meta_key`, `image_link`, `created`, `feature`, `count_view`) VALUES
(1, 'Nhà lầu siêu xe hàng mã ế sưng, đồ chơi biển đảo hút khách', '(Dân trí) - Loạt đồ chơi trung thu biển đảo hướng về quê hương mới xuất hiện nhưng đã hút khách, các mặt hàng vàng mã “xa xỉ” không còn được nhiều người mua sắm.', '<p style=\"TEXT-ALIGN: left\">\r\n	Theo b&aacute;c Lan, một chủ cửa h&agrave;ng ở phố H&agrave;ng M&atilde; chia sẻ: &ldquo;Kinh tế kh&oacute; khăn n&ecirc;n người bỏ tiền triệu ra mua đồ c&uacute;ng đắt tiền như nh&agrave; lầu, xe hơi, điện thoại, ti vi c&ograve;n rất &iacute;t. Mọi người chỉ lựa chọn những loại đồ c&oacute; gi&aacute; b&igrave;nh d&acirc;n như quần &aacute;o, gi&agrave;y d&eacute;p v&agrave; mũ để c&uacute;ng. Những mặt h&agrave;ng b&aacute;n chạy nhất l&agrave; tiền &acirc;m phủ, v&agrave;ng, quần &aacute;o hay gi&agrave;y d&eacute;p v&igrave; c&oacute; gi&aacute; kh&aacute; b&igrave;nh d&acirc;n&rdquo;.</p>\r\n<p style=\"TEXT-ALIGN: center\">\r\n	<img alt=\"Mặt hàng đèn lồng biển đảo mới xuất hiện trong dịp Tết Trung Thu năm nay\" src=\"http://dantri4.vcmedia.vn/Urgz3f5tKFdDA0VUUO/Image/2014/08/n1-242e1.jpg\" /><br />\r\n	<span style=\"FONT-FAMILY: Tahoma; FONT-SIZE: 10pt\">Mặt h&agrave;ng đ&egrave;n lồng biển đảo mới xuất hiện trong dịp Tết Trung Thu năm nay</span></p>\r\n<p style=\"TEXT-ALIGN: center\">\r\n	<span style=\"FONT-FAMILY: Tahoma\"><img alt=\"Các thông điệp ý nghĩa yêu quê hương, biển đảo được in lên đèn lồng\" src=\"http://dantri4.vcmedia.vn/Urgz3f5tKFdDA0VUUO/Image/2014/08/n2-242e1.jpg\" /></span><br />\r\n	<span style=\"FONT-FAMILY: Tahoma; FONT-SIZE: 10pt\">C&aacute;c th&ocirc;ng điệp &yacute; nghĩa y&ecirc;u qu&ecirc; hương, biển đảo được in l&ecirc;n đ&egrave;n lồng</span></p>\r\n<p>\r\n	Một mặt h&agrave;ng đặc biệt của m&ugrave;a Vu Lan năm nay đ&oacute; l&agrave; loại đồ chơi &ldquo;biển đảo&rdquo;. Đ&oacute; l&agrave; những chiếc đ&egrave;n lồng được in những th&ocirc;ng điệp hướng về qu&ecirc; hương, biển đảo hết sức &yacute; nghĩa.</p>\r\n<div class=\"article-side-rail\" id=\"article-side-rail\">\r\n	<div class=\"article-video-relation\">\r\n		<div class=\"relative\">\r\n			<img alt=\"Mùa Vu Lan: \" class=\"thumb\" src=\"http://video-thumbs.vcmedia.vn///dantri/7iS0Ym1SbbOoTsWhJi6Q/2014/08/08/vangma-15e63.jpg\" /><img class=\"ico\" src=\"http://dantri3.vcmedia.vn/App_Themes/Default/Images/ico_video_play.png\" /></div>\r\n		<p class=\"caption\">\r\n			M&ugrave;a Vu Lan: &quot;Xe si&ecirc;u sang&quot; đỗ chật phố H&agrave;ng M&atilde;</p>\r\n	</div>\r\n</div>\r\n<p>\r\n	C&aacute;c chủ cửa h&agrave;ng tại đ&acirc;y cho biết, c&aacute;c loại mặt h&agrave;ng l&agrave;m thủ c&ocirc;ng truyền thống đ&egrave;n lồng, đầu l&acirc;n, đ&egrave;n &ocirc;ng sao vẫn được kh&aacute;ch h&agrave;ng ưa chuộng nhất. Ngo&agrave;i ra, mẫu đ&egrave;n lồng in sẵn mang th&ocirc;ng điệp hướng về biển đảo qu&ecirc; hương được nhiều bậc phụ huynh v&agrave; c&aacute;c em học sinh đặc biệt y&ecirc;u th&iacute;ch.</p>\r\n<p style=\"TEXT-ALIGN: center\">\r\n	<img alt=\"Mới xuất hiện nhưng những chiếc đèn lồng này được nhiều phụ huynh và các em nhỏ lựa chọn\" src=\"http://dantri4.vcmedia.vn/Urgz3f5tKFdDA0VUUO/Image/2014/08/n4-242e1.jpg\" /><br />\r\n	<span style=\"FONT-FAMILY: Tahoma; FONT-SIZE: 10pt\">Mới xuất hiện nhưng những chiếc đ&egrave;n lồng n&agrave;y được nhiều phụ huynh v&agrave; c&aacute;c em nhỏ lựa chọn</span><br />\r\n	&nbsp;</p>\r\n<p>\r\n	Chiếc đ&egrave;n lồng mang th&ocirc;ng điệp biển đảo được gh&eacute;p lại bằng 3 mảnh b&igrave;a kh&aacute;c nhau. Chiếc đ&egrave;n c&oacute; thể thắp s&aacute;ng v&agrave; ph&aacute;t nhạc khi được lắp pin ở tay cầm.Tuy nhi&ecirc;n, chi tiết đ&aacute;ng ch&uacute; &yacute; nhất đ&oacute; l&agrave; những th&ocirc;ng điệp hướng về biển đảo in tr&ecirc;n th&acirc;n của chiếc đ&egrave;n lồng như &ldquo;Em y&ecirc;u biển đảo qu&ecirc; hương&rdquo;, &ldquo;B&eacute; hướng về biển đảo&rdquo;, &ldquo;Em y&ecirc;u biển đảo Việt Nam&rdquo;, &ldquo;Em y&ecirc;u ch&uacute; bộ đội hải qu&acirc;n Việt Nam&rdquo;, với những h&igrave;nh ảnh chiến sĩ Hải qu&acirc;n Việt Nam s&uacute;ng kho&aacute;c tr&ecirc;n vai bảo vệ chủ quyền biển đảo Tổ quốc hay những chiếc t&agrave;u mang d&ograve;ng chữ Cảnh s&aacute;t biển Việt Nam&hellip;</p>\r\n', '', '', 'n1-242e1.jpg', 1407553602, '0', 1),
(6, 'Nhận định bóng đá MU - Leicester City: Quyền lực \"Quỷ đỏ\" và hung thần Lukaku (vòng 3 ngoại hạng Anh)', '', '<p style=\"font-family: Arial, Helvetica, sans-serif; font-size: 13px; line-height: 1.4; color: rgb(0, 0, 0); text-align: justify;\">\r\n	Dưới g&oacute;c nh&igrave;n của nhiều chuy&ecirc;n gia, kế hoạch của Mourinho c&oacute; thể ph&aacute; sức c&aacute;c cầu thủ, dễ hụt hơi ở giai đoạn lịch thi đấu dồn dập (th&aacute;ng 12). Nhưng &ldquo;Người đặc biệt&rdquo; nghĩ kh&aacute;c, rằng nếu đội b&oacute;ng của &ocirc;ng chiếm lợi thế điểm số từ đầu sẽ bớt &aacute;p lực ở nửa sau m&ugrave;a giải, thậm ch&iacute; c&ograve;n duy tr&igrave; phong độ cho mặt trận Champions League.</p>\r\n<p style=\"font-family: Arial, Helvetica, sans-serif; font-size: 13px; line-height: 1.4; color: rgb(0, 0, 0); text-align: justify;\">\r\n	L&uacute;c n&agrave;y, sau 2 v&ograve;ng, MU đang đi đ&uacute;ng hướng. &ldquo;Quỷ đỏ&rdquo; kh&ocirc;ng chỉ gi&agrave;nh trọn 6 điểm m&agrave; c&ograve;n chơi cực k&igrave; b&ugrave;ng nổ, mỗi trận ghi 4 b&agrave;n v&agrave; chưa lọt lưới &ndash; th&agrave;nh t&iacute;ch từng xuất hiện c&aacute;ch đ&acirc;y tận 110 năm trong lịch sử đội b&oacute;ng.</p>\r\n<p style=\"font-family: Arial, Helvetica, sans-serif; font-size: 13px; line-height: 1.4; color: rgb(0, 0, 0); text-align: justify;\">\r\n	Để mở m&agrave;n ấn tượng như vậy, phải thừa nhận Mourinho đ&atilde; c&oacute; đủ những mảnh gh&eacute;p cho đội h&igrave;nh. Hai t&acirc;n binh Romelu Lukaku v&agrave; Nemanja Matic h&ograve;a nhập tuyệt vời, giải quyết mọi vấn đề tồn tại ở m&ugrave;a trước: Ghi b&agrave;n v&agrave; l&agrave;m chủ tuyến giữa.</p>\r\n<p style=\"font-family: Arial, Helvetica, sans-serif; font-size: 13px; line-height: 1.4; color: rgb(0, 0, 0); text-align: justify;\">\r\n	&ldquo;Bom tấn&rdquo; 75 triệu bảng đ&atilde; ghi 3 b&agrave;n, xứng đ&aacute;ng l&agrave; người tiếp nối Ibrahimovic, người cũng đ&atilde; k&iacute; hợp đồng mới với MU nhưng dĩ nhi&ecirc;n kh&oacute; trở lại l&agrave;m số 1 tr&ecirc;n h&agrave;ng c&ocirc;ng như ch&iacute;nh Mourinho thừa nhận. Matic hay tr&ecirc;n cả mong đợi với khả năng che chắn cho h&agrave;ng thủ v&agrave; l&agrave;m bệ ph&oacute;ng cho Pogba tung ho&agrave;nh.</p>\r\n', '', '', '1503716074-mu.jpg', 1503718665, '0', 0),
(7, 'Người phụ nữ nhặt được 11 cây vàng từ \"trên trời rơi xuống\" giờ ra sao?', '', '<p style=\"font-family: Arial, Helvetica, sans-serif; font-size: 13px; line-height: 1.4; color: rgb(0, 0, 0); text-align: justify;\">\r\n	Chị Ng&agrave; sinh ra v&agrave; lớn l&ecirc;n tr&ecirc;n đất Bắc Sơn, đ&acirc;y l&agrave; nơi c&oacute; b&atilde;i r&aacute;c &ldquo;khổng lồ&rdquo;. Hằng ng&agrave;y, nhiều người d&acirc;n ra b&atilde;i r&aacute;c bới t&igrave;m đủ loại, từ sắt, rau cho heo cho đến củi mang về ph&acirc;n loại b&aacute;n. Nhờ vậy, thu nhập b&igrave;nh qu&acirc;n của mỗi người cũng được 150.000 đồng/ng&agrave;y.</p>\r\n<p style=\"font-family: Arial, Helvetica, sans-serif; font-size: 13px; line-height: 1.4; color: rgb(0, 0, 0); text-align: justify;\">\r\n	Chị Ng&agrave; kể, năm 1998, chị lập gia đ&igrave;nh v&agrave; ra ở ri&ecirc;ng. Cưới nhau được hai năm, thấy người l&agrave;ng đổ x&ocirc; đi nhặt r&aacute;c, chị Ng&agrave; cũng th&ocirc;i việc l&agrave;m thu&ecirc;, ng&agrave;y ng&agrave;y đạp xe l&ecirc;n b&atilde;i r&aacute;c nhặt đồ.</p>\r\n<p style=\"font-family: Arial, Helvetica, sans-serif; font-size: 13px; line-height: 1.4; color: rgb(0, 0, 0); text-align: justify;\">\r\n	Ng&agrave;y 25/12, &Acirc;m lịch, gi&aacute;p Tết năm 2009, thời điểm m&agrave; cả ngh&igrave;n người bới r&aacute;c phải căng sức tranh thủ l&agrave;m để lấy tiền chuẩn bị cho một kỳ nghỉ Tết d&agrave;i th&igrave; chị Ng&agrave; ph&aacute;t hiện một t&uacute;i b&oacute;ng m&agrave;u xanh, trong đ&oacute; c&oacute; chứa đầy rẻ r&aacute;ch.</p>\r\n<p style=\"font-family: Arial, Helvetica, sans-serif; font-size: 13px; line-height: 1.4; color: rgb(0, 0, 0); text-align: justify;\">\r\n	&ldquo;L&uacute;c đ&oacute; t&ocirc;i x&eacute; t&uacute;i b&oacute;ng ra th&igrave; thấy một miếng v&agrave;ng rơi ra. Dỡ tiếp vải, t&ocirc;i lại thấy tiếp 10 miếng v&agrave;ng giống nhau.Tất cả đều in r&otilde; chữ SJC 9999 của c&ocirc;ng ty v&agrave;ng bạc g&igrave; đ&oacute; ở S&agrave;i G&ograve;n&rdquo;, chị Ng&agrave; nhớ lại.</p>\r\n', '', '', '1503715633-150363523237148-nhat-duoc-vang-1.jpg', 1503718713, '0', 0),
(8, 'Đấm rách môi nữ cán bộ y tế vì nghĩ phun thuốc... không diệt được muỗi', '', '<p style=\"font-family: Arial, Helvetica, sans-serif; font-size: 13px; line-height: 1.4; color: rgb(0, 0, 0); text-align: justify;\">\r\n	Li&ecirc;n quan tới vụ việc nữ c&aacute;n bộ y tế phường Trung H&ograve;a (quận Cầu Giấy, H&agrave; Nội) bị đ&aacute;nh r&aacute;ch m&ocirc;i khi đang phun thuốc diệt muỗi g&acirc;y sốt xuất huyết, C&ocirc;ng an phường Trung Hòa đ&atilde; l&agrave;m r&otilde; nghi phạm g&acirc;y ra vụ việc l&agrave; Tạ Đ&igrave;nh Th&aacute;i (SN 1978, ở quận Đống Đa, H&agrave; Nội).</p>\r\n<p style=\"font-family: Arial, Helvetica, sans-serif; font-size: 13px; line-height: 1.4; color: rgb(0, 0, 0); text-align: justify;\">\r\n	Theo điều tra ban đầu, chiều 24.8, c&aacute;c c&aacute;n bộ thuộc Trung t&acirc;m Y tế Cầu Giấy phối hợp với UBND phường Trung H&ograve;a đi phun h&oacute;a chất diệt muỗi chống sốt xuất huyết tại tổ 4 phường Trung H&ograve;a.</p>\r\n<p style=\"font-family: Arial, Helvetica, sans-serif; font-size: 13px; line-height: 1.4; color: rgb(0, 0, 0); text-align: justify;\">\r\n	Trong tổ c&ocirc;ng t&aacute;c c&oacute; chị L&ecirc; Thị Toan (c&aacute;n bộ y tế phường Trung H&ograve;a) v&agrave; anh Phan Danh H&ugrave;ng Anh (c&aacute;n bộ UBND phường Trung H&ograve;a).</p>\r\n<p style=\"font-family: Arial, Helvetica, sans-serif; font-size: 13px; line-height: 1.4; color: rgb(0, 0, 0); text-align: justify;\">\r\n	Khi tổ c&ocirc;ng t&aacute;c phun h&oacute;a chất diệt muỗi v&agrave; bọ gậy tại ng&otilde; 125 phố Nguyễn Ngọc Vũ (phường Trung H&ograve;a) th&igrave; Tạ Đ&igrave;nh Th&aacute;i xuất hiện.</p>\r\n', '', '', '1503714098-150371307361120-dam-can-bo-y-te.jpg', 1503718794, '0', 0),
(4, 'Mỹ tăng cường không kích Iraq', '(Dân trí) - Sau khi Tổng thống Obama phê chuẩn cho không kích các mục tiêu của nhóm phiến quân Hồi giáo IS ở miền bắc Iraq, Lầu Năm Góc đã tiến hành 3 đợt không kích.', '<p>\r\n	C&aacute;c vụ kh&ocirc;ng k&iacute;ch nhằm v&agrave;o nh&oacute;m Nh&agrave; nước Hồi gi&aacute;o (IS) ở miền bắc Iraq l&agrave; những cuộc tấn c&ocirc;ng đầu ti&ecirc;n kể từ khi Mỹ trực tiếp tham gia v&agrave;o hoạt động qu&acirc;n sự ở Iraq v&agrave; sau đ&oacute; r&uacute;t qu&acirc;n v&agrave;o cuối năm 2011.</p>\r\n<p>\r\n	Trong cuộc kh&ocirc;ng k&iacute;ch đầu ti&ecirc;n v&agrave;o ng&agrave;y thứ s&aacute;u, m&aacute;y bay kh&ocirc;ng người l&aacute;i c&ugrave;ng chiến đấu cơ hải qu&acirc;n Mỹ đ&atilde; nhắm v&agrave;o c&aacute;c mục ti&ecirc;u gần th&agrave;nh phố Irbil của người Kurd. Sau đ&oacute; họ tiến h&agrave;nh th&ecirc;m 2 đợt tấn c&ocirc;ng nữa.</p>\r\n<p>\r\n	Nh&oacute;m Hồi gi&aacute;o người Sunni IS đ&atilde; chiếm quyền kiểm so&aacute;t nhiều khu vực của Iraq v&agrave; cả Syria.</p>\r\n<p>\r\n	H&agrave;ng chục ng&agrave;n người thuộc c&aacute;c nh&oacute;m d&acirc;n tộc thiểu số đ&atilde; phải rời bỏ nh&agrave; cửa khi phiến qu&acirc;n tiến v&agrave;o.</p>\r\n<p>\r\n	Nh&oacute;m IS hay c&ograve;n được gọi l&agrave; ISIS cũng đ&atilde; chiếm đập lớn nhất Iraq.</p>\r\n<p>\r\n	Lầu Năm G&oacute;c cho biết trong đợt kh&ocirc;ng k&iacute;ch thứ hai, m&aacute;y bay kh&ocirc;ng người l&aacute;i của Mỹ đ&atilde; ph&aacute; hủy một vị tr&iacute; đặt ph&aacute;o của phiến qu&acirc;n v&agrave; ti&ecirc;u diệt một nh&oacute;m phiến qu&acirc;n.</p>\r\n<p>\r\n	Chỉ hơn một tiếng sau, chiến đấu cơ F/A-18 đ&atilde; d&ugrave;ng bom c&oacute; laser dẫn đường bắn tr&uacute;ng một đo&agrave;n 7 xe của IS.</p>\r\n<p>\r\n	Trước đ&oacute;, v&agrave;o ng&agrave;y thứ s&aacute;u, 2 quả bom đ&atilde; được thả xuống một khẩu ph&aacute;o của IS d&ugrave;ng để chống lại lực lượng đang bảo vệ Irbil, thủ phủ của v&ugrave;ng tự trị của người Kurd.</p>\r\n<p>\r\n	Ph&aacute;t ng&ocirc;n vi&ecirc;n Bộ Ngoại giao Mỹ Marie Harf cho biết mục ti&ecirc;u trước mắt của c&aacute;c cuộc kh&ocirc;ng k&iacute;ch l&agrave; &ldquo;ngăn chặn bước tiến&rdquo; của IS về Irbil.</p>\r\n<p>\r\n	&ldquo;Sau đ&oacute; về l&acirc;u d&agrave;i chung t&ocirc;i muốn phối hợp hỗ trợ th&ecirc;m thời gian v&agrave; kh&ocirc;ng gian cho c&aacute;c lực lượng của người Kurd để xốc lại lực lượng, chiến đấu với đe dọa của ch&iacute;nh họ&rdquo;.</p>\r\n<p>\r\n	B&agrave; cũng khẳng định &ldquo;kh&ocirc;ng c&oacute; giải ph&aacute;p qu&acirc;n sự l&acirc;u d&agrave;i của Mỹ ở đ&oacute;&rdquo;.</p>\r\n<p>\r\n	Mặc d&ugrave; ch&iacute;nh phủ Iraq v&agrave; V&ugrave;ng người Kurd vẫn c&ograve;n đang c&oacute; bất đồng trong những th&aacute;ng qua, nhưng Thủ tướng Nouri Maliki đ&atilde; ph&aacute;i một m&aacute;y bay chở đạn tới Irbil v&agrave; thứ s&aacute;u. Trước đ&oacute; &ocirc;ng đ&atilde; lệnh cho lực lượng kh&ocirc;ng qu&acirc;n hỗ trợ cho c&aacute;c tay s&uacute;ng người Kurd để chiến đấu chống IS.</p>\r\n<p>\r\n	<b>Trung Anh</b></p>\r\n', '', '', '1-7d48c.jpg', 1407554007, '0', 0),
(9, 'Người đẹp bị nghi lộ ảnh nhạy cảm tung bộ hình trong sáng', '', '<p style=\"font-family: Arial, Helvetica, sans-serif; font-size: 13px; line-height: 1.4; color: rgb(0, 0, 0); text-align: justify;\">\r\n	Ở tập 11&nbsp;<a class=\"TextlinkBaiviet\" href=\"http://www.24h.com.vn/the-face-c78e3851.html\" style=\"text-decoration-line: none; color: rgb(0, 0, 255);\" title=\"The Face\">The Face</a>, Tường Linh c&ugrave;ng 2 th&iacute; sinh kh&aacute;c trong Top 3 bước v&agrave;o những thử th&aacute;ch cuối c&ugrave;ng của chặng đua trước khi đ&ecirc;m chung kết diễn ra.</p>\r\n<p style=\"font-family: Arial, Helvetica, sans-serif; font-size: 13px; line-height: 1.4; color: rgb(0, 0, 0); text-align: justify;\">\r\n	Trong thử th&aacute;ch chụp h&igrave;nh &ndash; quay TVC quảng c&aacute;o cho nh&atilde;n h&agrave;ng, c&aacute;c th&iacute; sinh được y&ecirc;u cầu ho&aacute; th&agrave;nh những n&agrave;ng thi&ecirc;n nga v&ocirc; c&ugrave;ng xinh đẹp v&agrave; duy&ecirc;n d&aacute;ng trong bộ đầm m&uacute;a ballet c&ugrave;ng đ&ocirc;i gi&agrave;y mũi cứng.</p>\r\n<p style=\"font-family: Arial, Helvetica, sans-serif; font-size: 13px; line-height: 1.4; color: rgb(0, 0, 0); text-align: justify;\">\r\n	L&agrave; &ldquo;chiến binh&rdquo; cuối c&ugrave;ng của team Ho&agrave;ng Thuỳ v&agrave; l&agrave; th&iacute; sinh được đ&aacute;nh gi&aacute; cao ngay từ những ng&agrave;y đầu, Tường Linh tiếp tục g&acirc;y ấn tượng mạnh cho người xem cũng như ban gi&aacute;m khảo trong tập 11 The Face kh&ocirc;ng chỉ bởi gương mặt xinh đẹp, v&oacute;c d&aacute;ng thon thả m&agrave; c&ograve;n bởi những động t&aacute;c m&uacute;a đầy uyển chuyển v&agrave; cuốn h&uacute;t.</p>\r\n', '', '', '1503712923-150363288377223-image00012.jpg', 1503718859, '0', 0);

-- --------------------------------------------------------

--
-- Table structure for table `order`
--

CREATE TABLE `order` (
  `transaction_id` int(255) NOT NULL,
  `id` int(255) NOT NULL,
  `product_id` int(255) NOT NULL,
  `qty` int(11) NOT NULL DEFAULT '0',
  `amount` decimal(15,4) NOT NULL DEFAULT '0.0000',
  `data` text COLLATE utf8_bin NOT NULL,
  `status` tinyint(4) NOT NULL DEFAULT '0'
) ENGINE=MyISAM DEFAULT CHARSET=utf8 COLLATE=utf8_bin;

--
-- Dumping data for table `order`
--

INSERT INTO `order` (`transaction_id`, `id`, `product_id`, `qty`, `amount`, `data`, `status`) VALUES
(7, 6, 2, 1, '4000000.0000', '', 1),
(8, 7, 2, 1, '4000000.0000', '', 0),
(9, 8, 8, 1, '10000000.0000', '', 0),
(10, 9, 8, 1, '10000000.0000', '', 0),
(11, 10, 8, 1, '10000000.0000', '', 2),
(12, 11, 8, 1, '10000000.0000', '', 0),
(13, 12, 8, 2, '20000000.0000', '', 0),
(14, 13, 8, 1, '10000000.0000', '', 1),
(15, 14, 3, 1, '5000000.0000', '', 0),
(16, 15, 3, 1, '5000000.0000', '', 0),
(17, 16, 3, 1, '5000000.0000', '', 0),
(18, 17, 3, 1, '5000000.0000', '', 0),
(19, 18, 3, 1, '5000000.0000', '', 0),
(20, 19, 3, 1, '5000000.0000', '', 0),
(21, 20, 8, 1, '10000000.0000', '', 0),
(22, 21, 8, 1, '10000000.0000', '', 0),
(22, 22, 9, 2, '10800000.0000', '', 0);

-- --------------------------------------------------------

--
-- Table structure for table `product`
--

CREATE TABLE `product` (
  `id` int(255) NOT NULL,
  `catalog_id` int(11) NOT NULL,
  `name` varchar(100) COLLATE utf8_unicode_ci NOT NULL,
  `maker_id` int(255) NOT NULL,
  `price` decimal(15,4) NOT NULL DEFAULT '0.0000',
  `content` text COLLATE utf8_unicode_ci NOT NULL,
  `discount` int(11) NOT NULL,
  `image_link` varchar(50) CHARACTER SET utf8 COLLATE utf8_bin NOT NULL,
  `image_list` text COLLATE utf8_unicode_ci NOT NULL,
  `created` int(11) NOT NULL DEFAULT '0',
  `view` int(11) NOT NULL DEFAULT '0',
  `meta_key` varchar(255) CHARACTER SET utf8 COLLATE utf8_bin NOT NULL,
  `site_title` varchar(255) CHARACTER SET utf8 COLLATE utf8_bin NOT NULL,
  `warranty` varchar(50) COLLATE utf8_unicode_ci NOT NULL,
  `total` int(255) NOT NULL,
  `buyed` int(255) NOT NULL,
  `rate_total` int(255) NOT NULL,
  `rate_count` int(255) NOT NULL,
  `gifts` varchar(100) COLLATE utf8_unicode_ci DEFAULT NULL,
  `video` varchar(255) COLLATE utf8_unicode_ci NOT NULL,
  `meta_desc` varchar(255) CHARACTER SET utf8 COLLATE utf8_bin NOT NULL,
  `feature` enum('0','1') CHARACTER SET utf8 COLLATE utf8_bin NOT NULL
) ENGINE=MyISAM DEFAULT CHARSET=utf8 COLLATE=utf8_unicode_ci;

--
-- Dumping data for table `product`
--

INSERT INTO `product` (`id`, `catalog_id`, `name`, `maker_id`, `price`, `content`, `discount`, `image_link`, `image_list`, `created`, `view`, `meta_key`, `site_title`, `warranty`, `total`, `buyed`, `rate_total`, `rate_count`, `gifts`, `video`, `meta_desc`, `feature`) VALUES
(2, 15, 'Tivi LG 4000', 0, '4000000.0000', 'Bài viết cho sản phẩm này đang được cập nhật ...', 200000, 'product2.jpg', '', 0, 5, '', '', '12 tháng', 0, 0, 4, 1, 'USB 4G', 'https://www.youtube.com/watch?v=zAEYQ6FDO5U', '', '0'),
(3, 7, 'Tivi Akai', 0, '5000000.0000', '<p>\r\n	B&agrave;i viết cho sản phẩm n&agrave;y đang được cập nhật ...</p>\r\n', 0, 'product1.jpg', '', 0, 13, '', '', '12 tháng', 0, 0, 4, 1, 'USB 4G', 'https://www.youtube.com/watch?v=zAEYQ6FDO5U', '', '0'),
(4, 16, 'Tivi Panasonic', 0, '6000000.0000', 'Bài viết cho sản phẩm này đang được cập nhật ...', 0, 'product3.jpg', '', 0, 5, '', '', '12 tháng', 0, 0, 12, 3, 'USB 4G', 'https://www.youtube.com/watch?v=zAEYQ6FDO5U', '', '0'),
(5, 17, 'Tivi Samsung', 0, '5500000.0000', 'Bài viết cho sản phẩm này đang được cập nhật ...', 0, 'product4.jpg', '', 0, 1, '', '', '12 tháng', 0, 0, 0, 0, 'USB 4G', 'https://www.youtube.com/watch?v=zAEYQ6FDO5U', '', '0'),
(6, 15, 'Tivi LG 5000', 0, '5000000.0000', 'Bài viết cho sản phẩm này đang được cập nhật ...', 0, 'product5.jpg', '', 0, 1, '', '', '12 tháng', 0, 0, 0, 0, 'USB 4G', 'https://www.youtube.com/watch?v=zAEYQ6FDO5U', '', '0'),
(7, 18, 'Tivi Toshiba', 0, '6200000.0000', 'Bài viết cho sản phẩm này đang được cập nhật ...', 400000, 'product6.jpg', '', 0, 76, '', '', '12 tháng', 0, 0, 7, 2, 'USB 4G', 'https://www.youtube.com/watch?v=zAEYQ6FDO5U', '', '0'),
(8, 14, 'Tivi JVC 500', 0, '10000000.0000', 'Bài viết cho sản phẩm này đang được cập nhật ...', 500000, 'product7.jpg', '', 0, 116, '', '', '12 tháng', 0, 0, 17, 5, 'USB 4G', 'https://www.youtube.com/watch?v=zAEYQ6FDO5U', '', '0'),
(9, 15, 'Tivi LG 520', 0, '5400000.0000', '<p>\r\n	B&agrave;i viết cho sản phẩm n&agrave;y đang được cập nhật ...</p>\r\n', 0, 'product13.jpg', '[\"tivi-1.jpg\",\"tivi-led-skyworth-40e260-550x340-3-550x340.png\"]', 0, 20, '', '', '12 tháng', 0, 0, 4, 1, '0', 'https://www.youtube.com/watch?v=zAEYQ6FDO5U', '', '0');

-- --------------------------------------------------------

--
-- Table structure for table `slide`
--

CREATE TABLE `slide` (
  `id` int(11) NOT NULL,
  `name` varchar(100) COLLATE utf8_unicode_ci DEFAULT NULL,
  `image_name` varchar(100) COLLATE utf8_unicode_ci NOT NULL,
  `image_link` varchar(50) COLLATE utf8_unicode_ci NOT NULL,
  `link` varchar(150) COLLATE utf8_unicode_ci DEFAULT NULL,
  `info` varchar(100) COLLATE utf8_unicode_ci DEFAULT NULL,
  `sort_order` int(10) NOT NULL
) ENGINE=MyISAM DEFAULT CHARSET=utf8 COLLATE=utf8_unicode_ci;

--
-- Dumping data for table `slide`
--

INSERT INTO `slide` (`id`, `name`, `image_name`, `image_link`, `link`, `info`, `sort_order`) VALUES
(1, 'Slide 1', '', '11.jpg', 'http://dantri.com.vn/', '0', 1),
(2, 'Slide 2', '', '21.jpg', 'http://dantri.com.vn/', '', 2),
(3, 'Slide 3', '', '31.jpg', 'http://dantri.com.vn/', '', 3);

-- --------------------------------------------------------

--
-- Table structure for table `support`
--

CREATE TABLE `support` (
  `id` int(255) NOT NULL,
  `name` varchar(100) COLLATE utf8_unicode_ci NOT NULL,
  `yahoo` varchar(50) COLLATE utf8_unicode_ci NOT NULL,
  `gmail` varchar(50) COLLATE utf8_unicode_ci NOT NULL,
  `skype` varchar(50) COLLATE utf8_unicode_ci NOT NULL,
  `phone` varchar(20) COLLATE utf8_unicode_ci NOT NULL,
  `sort_order` tinyint(4) NOT NULL
) ENGINE=MyISAM DEFAULT CHARSET=utf8 COLLATE=utf8_unicode_ci;

--
-- Dumping data for table `support`
--

INSERT INTO `support` (`id`, `name`, `yahoo`, `gmail`, `skype`, `phone`, `sort_order`) VALUES
(1, 'Hoang van tuyen', 'tuyenht90', 'hoangvantuyencnt@gmail.com', 'tuyencnt90', '01686039488', 1);

-- --------------------------------------------------------

--
-- Table structure for table `transaction`
--

CREATE TABLE `transaction` (
  `id` bigint(20) NOT NULL,
  `type` tinyint(4) NOT NULL DEFAULT '0',
  `status` tinyint(4) NOT NULL DEFAULT '0',
  `user_id` int(11) NOT NULL DEFAULT '0',
  `user_name` varchar(50) CHARACTER SET utf8 COLLATE utf8_unicode_ci NOT NULL,
  `user_email` varchar(50) COLLATE utf8_bin NOT NULL,
  `user_phone` varchar(20) COLLATE utf8_bin NOT NULL,
  `amount` decimal(15,4) NOT NULL DEFAULT '0.0000',
  `payment` varchar(32) CHARACTER SET utf8 COLLATE utf8_unicode_ci NOT NULL,
  `payment_info` text COLLATE utf8_bin NOT NULL,
  `message` varchar(255) COLLATE utf8_bin NOT NULL,
  `security` varchar(16) CHARACTER SET utf8 COLLATE utf8_unicode_ci NOT NULL,
  `created` int(11) NOT NULL DEFAULT '0'
) ENGINE=MyISAM DEFAULT CHARSET=utf8 COLLATE=utf8_bin;

--
-- Dumping data for table `transaction`
--

INSERT INTO `transaction` (`id`, `type`, `status`, `user_id`, `user_name`, `user_email`, `user_phone`, `amount`, `payment`, `payment_info`, `message`, `security`, `created`) VALUES
(7, 0, 1, 15, 'Hoàng văn Tuyền', 'hoangvantuyencnt@gmail.com', '01686039488', '4000000.0000', 'nganluong', '', '', '', 1405548000),
(8, 0, 0, 15, 'Hoàng văn Tuyền', 'hoangvantuyencnt@gmail.com', '01686039488', '4000000.0000', 'nganluong', '', '', '', 1407917785),
(9, 0, 0, 0, 'Hoàng văn Tuyền', 'hoangvantuyencnt@gmail.com', '01686039488', '10000000.0000', 'nganluong', '', '111', '', 1407918071),
(10, 0, 0, 0, 'Hoàng văn Tuyền', 'hoangvantuyencnt@gmail.com', '01686039488', '10000000.0000', 'nganluong', '', '111111', '', 1407918235),
(11, 0, 2, 0, 'Hoàng văn Tuyền', 'hoangvantuyencnt@gmail.com', '111111', '10000000.0000', 'nganluong', '', '111', '', 1407918299),
(12, 0, 1, 0, 'Hoàng văn Tuyền', 'hoangvantuyencnt@gmail.com', '7667676', '10000000.0000', 'nganluong', '', '', '', 1407923211),
(13, 0, 1, 0, 'Hoàng văn Tuyền', 'hoangvantuyencnt@gmail.com', '11', '20000000.0000', 'nganluong', '', '11', '', 1407926712),
(14, 0, 1, 0, 'Hoàng văn Tuyền', 'hoangvantuyencnt@gmail.com', '01686039488', '10000000.0000', 'nganluong', '', '', '', 1407981011),
(15, 0, 0, 19, 'Hoàng văn Tuyền', 'hoangvantuyencnt@gmail.com', '01686039488', '5000000.0000', 'baokim', '', '', '', 1408099561),
(16, 0, 0, 19, 'Hoàng văn Tuyền', 'hoangvantuyencnt@gmail.com', '01686039488', '5000000.0000', 'baokim', '', '', '', 1408099692),
(17, 0, 0, 19, 'Hoàng văn Tuyền', 'hoangvantuyencnt@gmail.com', '01686039488', '5000000.0000', 'baokim', '', '', '', 1408099749),
(18, 0, 0, 19, 'Hoàng văn Tuyền', 'hoangvantuyencnt@gmail.com', '01686039488', '5000000.0000', 'baokim', '', '', '', 1408099776),
(19, 0, 0, 19, 'Hoàng văn Tuyền', 'hoangvantuyencnt@gmail.com', '01686039488', '5000000.0000', 'baokim', '', '', '', 1408099813),
(20, 0, 0, 19, 'Hoàng văn Tuyền', 'hoangvantuyencnt@gmail.com', '01686039488', '5000000.0000', 'baokim', '', '', '', 1408099856),
(21, 0, 0, 0, 'Hoàng văn Tuyền', 'hoangvantuyencnt@gmail.com', '01686039488', '10000000.0000', 'dathang', '', '', '', 1408159002),
(22, 0, 0, 23, 'Nông Đức Mạnh', 'login@gmail.com', '0954220445', '20800000.0000', 'nganluong', '', 'Huy NV Đz', '', 1504541232);

-- --------------------------------------------------------

--
-- Table structure for table `user`
--

CREATE TABLE `user` (
  `id` int(255) NOT NULL,
  `name` varchar(50) COLLATE utf8_unicode_ci NOT NULL,
  `email` varchar(50) COLLATE utf8_unicode_ci NOT NULL,
  `phone` varchar(15) COLLATE utf8_unicode_ci NOT NULL,
  `address` varchar(128) COLLATE utf8_unicode_ci NOT NULL,
  `password` varchar(40) COLLATE utf8_unicode_ci NOT NULL,
  `created` int(11) NOT NULL
) ENGINE=MyISAM DEFAULT CHARSET=utf8 COLLATE=utf8_unicode_ci;

--
-- Dumping data for table `user`
--

INSERT INTO `user` (`id`, `name`, `email`, `phone`, `address`, `password`, `created`) VALUES
(23, 'Nông Đức Mạnh', 'login@gmail.com', '0954220445', 'Phủ Chủ Tịch', '09aba41e25f7f5c6317f70051a1ea6c4', 1504517201);

-- --------------------------------------------------------

--
-- Table structure for table `video`
--

CREATE TABLE `video` (
  `id` int(255) NOT NULL,
  `count_view` int(255) NOT NULL,
  `name` varchar(255) COLLATE utf8_unicode_ci NOT NULL,
  `images` varchar(100) COLLATE utf8_unicode_ci NOT NULL,
  `intro` varchar(200) COLLATE utf8_unicode_ci DEFAULT NULL,
  `link` varchar(200) COLLATE utf8_unicode_ci NOT NULL,
  `feature` int(11) NOT NULL,
  `created` int(11) NOT NULL,
  `view` int(255) NOT NULL
) ENGINE=MyISAM DEFAULT CHARSET=utf8 COLLATE=utf8_unicode_ci;

--
-- Dumping data for table `video`
--

INSERT INTO `video` (`id`, `count_view`, `name`, `images`, `intro`, `link`, `feature`, `created`, `view`) VALUES
(10, 0, 'Chuyện Tình Trên Facebook - Hồ Việt Trung [Official]', '1386147113843_video.jpg', '', 'http://www.youtube.com/watch?v=3ZlLyU2L4P0', 1386146497, 2013, 4),
(8, 0, 'Chỉ còn trong mơ & Phải không em', '1386147092891_video.jpg', '', 'http://www.youtube.com/watch?v=RfNJ43HBzOM', 1386146505, 2013, 6),
(7, 0, '[HD] Anh Xin Lỗi - Minh Vương M4U', '1386147058495_video.jpg', '', 'http://www.youtube.com/watch?v=OCZ4D9qT8lI', 1386146502, 2013, 17),
(16, 0, 'Nhốt Em Vào Tim - Hồ Việt Trung [Official]', '1386147135763_video.jpg', '', 'http://www.youtube.com/watch?v=fkDSnN_I_Ig', 0, 1386147135, 0),
(17, 0, 'Chỉ Yêu Mình Em - Châu Khải Phong [Official]', '1386147154302_video.jpg', '', 'http://www.youtube.com/watch?v=l2MydtlKra8', 0, 1386147154, 4),
(18, 0, 'Số Nghèo - Châu Khải Phong [Official]', '138614718279_video.jpg', '', 'http://www.youtube.com/watch?v=LJRvv8U6Dos', 1386147576, 1386147182, 1),
(19, 0, 'Trò Chơi Đắng Cay - Châu Khải Phong [Official]', '138614721063_video.jpg', '', 'http://www.youtube.com/watch?v=3J8d8-YgOlU', 1386147575, 1386147210, 0),
(20, 0, 'Sầu Tím Thiệp Hồng - Quang Lê & Lệ Quyên ( Liveshow Quang Lê )', '1386147271236_video.jpg', '', 'http://www.youtube.com/watch?v=Kd5OrV4Y_bs', 0, 1386147271, 0),
(21, 0, 'Gõ cửa trái tim Quang Lê - Mai Thiên Vân', '1386147292776_video.jpg', '', 'http://www.youtube.com/watch?v=9oVxDQsgXIQ', 1386147577, 1386147292, 0),
(22, 0, 'Cô Hàng Xóm - Quang Lê', '1386147310490_video.jpg', '', 'http://www.youtube.com/watch?v=nA9ub4zlel8', 0, 1386147310, 0),
(23, 0, 'Lam Truong - Mai Mai', '1386147353743_video.jpg', '', 'http://www.youtube.com/watch?v=o1igATj9lMw', 0, 1386147353, 0),
(24, 0, 'Lỡ Yêu Em Rồi - Bằng Kiều', '1386147364632_video.jpg', '', 'http://www.youtube.com/watch?v=HYi-5dM_c34', 0, 1386147364, 0),
(25, 0, 'Bản Tình Cuối - Bằng Kiều', '1386147389790_video.jpg', '', 'http://www.youtube.com/watch?v=pNr7jEQ8LT8', 0, 1386147389, 2),
(26, 1, 'Phút cuối - Bằng Kiều', '1386150063515_video.jpg', '', 'http://www.youtube.com/watch?v=sA_gM6_eqXU', 0, 1386150063, 0),
(27, 0, 'Giấc Mơ (Live) - Bùi Anh Tuấn ft Yanbi', '1386150103768_video.jpg', '', 'http://www.youtube.com/watch?v=XLr463dUNgQ', 0, 1386150103, 0),
(28, 4, 'Anh Nhớ Em - Tuấn Hưng', '1386150121482_video.jpg', '', 'http://www.youtube.com/watch?v=ewNQtt1RiSk', 0, 1386150121, 0),
(29, 0, 'LE QUYEN & TUAN HUNG - Nhu Giac Chiem Bao', '1386150141608_video.jpg', '', 'http://www.youtube.com/watch?v=DaMARvh0kms', 0, 1386150141, 0),
(30, 10, 'Dĩ Vãng Cuộc Tình - Duy Mạnh ft Tuấn Hưng', '140905101897_video.jpg', '', 'http://www.youtube.com/watch?v=g8I-LoBIFgQ', 0, 1409051018, 0);

--
-- Indexes for dumped tables
--

--
-- Indexes for table `admin`
--
ALTER TABLE `admin`
  ADD PRIMARY KEY (`id`);

--
-- Indexes for table `admin_group`
--
ALTER TABLE `admin_group`
  ADD PRIMARY KEY (`id`);

--
-- Indexes for table `catalog`
--
ALTER TABLE `catalog`
  ADD PRIMARY KEY (`id`);

--
-- Indexes for table `comment`
--
ALTER TABLE `comment`
  ADD PRIMARY KEY (`id`);

--
-- Indexes for table `contact`
--
ALTER TABLE `contact`
  ADD PRIMARY KEY (`id`);

--
-- Indexes for table `content_static`
--
ALTER TABLE `content_static`
  ADD PRIMARY KEY (`id`,`key`);

--
-- Indexes for table `info`
--
ALTER TABLE `info`
  ADD PRIMARY KEY (`id`);
ALTER TABLE `info` ADD FULLTEXT KEY `title` (`title`);

--
-- Indexes for table `maker`
--
ALTER TABLE `maker`
  ADD PRIMARY KEY (`id`);

--
-- Indexes for table `menu`
--
ALTER TABLE `menu`
  ADD PRIMARY KEY (`id`);

--
-- Indexes for table `news`
--
ALTER TABLE `news`
  ADD PRIMARY KEY (`id`);
ALTER TABLE `news` ADD FULLTEXT KEY `title` (`title`);

--
-- Indexes for table `order`
--
ALTER TABLE `order`
  ADD PRIMARY KEY (`id`);

--
-- Indexes for table `product`
--
ALTER TABLE `product`
  ADD PRIMARY KEY (`id`);
ALTER TABLE `product` ADD FULLTEXT KEY `name` (`name`);

--
-- Indexes for table `slide`
--
ALTER TABLE `slide`
  ADD PRIMARY KEY (`id`);

--
-- Indexes for table `support`
--
ALTER TABLE `support`
  ADD PRIMARY KEY (`id`);

--
-- Indexes for table `transaction`
--
ALTER TABLE `transaction`
  ADD PRIMARY KEY (`id`);

--
-- Indexes for table `user`
--
ALTER TABLE `user`
  ADD PRIMARY KEY (`id`);

--
-- Indexes for table `video`
--
ALTER TABLE `video`
  ADD PRIMARY KEY (`id`);

--
-- AUTO_INCREMENT for dumped tables
--

--
-- AUTO_INCREMENT for table `admin`
--
ALTER TABLE `admin`
  MODIFY `id` int(11) NOT NULL AUTO_INCREMENT, AUTO_INCREMENT=15;
--
-- AUTO_INCREMENT for table `admin_group`
--
ALTER TABLE `admin_group`
  MODIFY `id` int(11) NOT NULL AUTO_INCREMENT, AUTO_INCREMENT=3;
--
-- AUTO_INCREMENT for table `catalog`
--
ALTER TABLE `catalog`
  MODIFY `id` int(11) NOT NULL AUTO_INCREMENT, AUTO_INCREMENT=29;
--
-- AUTO_INCREMENT for table `comment`
--
ALTER TABLE `comment`
  MODIFY `id` int(255) NOT NULL AUTO_INCREMENT, AUTO_INCREMENT=4;
--
-- AUTO_INCREMENT for table `contact`
--
ALTER TABLE `contact`
  MODIFY `id` int(128) NOT NULL AUTO_INCREMENT, AUTO_INCREMENT=16;
--
-- AUTO_INCREMENT for table `content_static`
--
ALTER TABLE `content_static`
  MODIFY `id` int(11) NOT NULL AUTO_INCREMENT, AUTO_INCREMENT=19;
--
-- AUTO_INCREMENT for table `info`
--
ALTER TABLE `info`
  MODIFY `id` int(11) NOT NULL AUTO_INCREMENT, AUTO_INCREMENT=3;
--
-- AUTO_INCREMENT for table `maker`
--
ALTER TABLE `maker`
  MODIFY `id` int(11) NOT NULL AUTO_INCREMENT;
--
-- AUTO_INCREMENT for table `menu`
--
ALTER TABLE `menu`
  MODIFY `id` int(11) NOT NULL AUTO_INCREMENT;
--
-- AUTO_INCREMENT for table `news`
--
ALTER TABLE `news`
  MODIFY `id` int(11) NOT NULL AUTO_INCREMENT, AUTO_INCREMENT=10;
--
-- AUTO_INCREMENT for table `order`
--
ALTER TABLE `order`
  MODIFY `id` int(255) NOT NULL AUTO_INCREMENT, AUTO_INCREMENT=23;
--
-- AUTO_INCREMENT for table `product`
--
ALTER TABLE `product`
  MODIFY `id` int(255) NOT NULL AUTO_INCREMENT, AUTO_INCREMENT=27;
--
-- AUTO_INCREMENT for table `slide`
--
ALTER TABLE `slide`
  MODIFY `id` int(11) NOT NULL AUTO_INCREMENT, AUTO_INCREMENT=6;
--
-- AUTO_INCREMENT for table `support`
--
ALTER TABLE `support`
  MODIFY `id` int(255) NOT NULL AUTO_INCREMENT, AUTO_INCREMENT=3;
--
-- AUTO_INCREMENT for table `transaction`
--
ALTER TABLE `transaction`
  MODIFY `id` bigint(20) NOT NULL AUTO_INCREMENT, AUTO_INCREMENT=23;
--
-- AUTO_INCREMENT for table `user`
--
ALTER TABLE `user`
  MODIFY `id` int(255) NOT NULL AUTO_INCREMENT, AUTO_INCREMENT=24;
--
-- AUTO_INCREMENT for table `video`
--
ALTER TABLE `video`
  MODIFY `id` int(255) NOT NULL AUTO_INCREMENT, AUTO_INCREMENT=31;
/*!40101 SET CHARACTER_SET_CLIENT=@OLD_CHARACTER_SET_CLIENT */;
/*!40101 SET CHARACTER_SET_RESULTS=@OLD_CHARACTER_SET_RESULTS */;
/*!40101 SET COLLATION_CONNECTION=@OLD_COLLATION_CONNECTION */;
